{
  "version": 1,
  "author": "Uri Shaked",
  "editor": "wokwi",
  "parts": [
    { "type": "wokwi-esp32-devkit-v1", "id": "esp", "top": -57.43, "left": 50.44, "attrs": {} },
    {
      "type": "wokwi-led",
      "id": "led1",
      "top": -8.24,
      "left": -69.91,
      "attrs": { "color": "blue" }
    },
    {
      "type": "wokwi-led",
      "id": "led2",
      "top": -21.57,
      "left": -41,
      "attrs": { "color": "magenta" }
    },
    {
      "type": "wokwi-led",
      "id": "led3",
      "top": -36.61,
      "left": -14.93,
      "attrs": { "color": "green" }
    },
    {
      "type": "wokwi-led",
      "id": "led4",
      "top": -49.65,
      "left": 11.57,
      "attrs": { "color": "yellow" }
    },
    {
      "type": "wokwi-led",
      "id": "led5",
      "top": 9.43,
      "left": -100.01,
      "attrs": { "color": "red" }
    }
  ],
  "connections": [
    [ "esp:TX0", "$serialMonitor:RX", "", [] ],
    [ "esp:RX0", "$serialMonitor:TX", "", [] ],
    [ "led1:A", "esp:D25", "green", [ "v0" ] ],
    [ "esp:GND.2", "led1:C", "black", [ "h0" ] ],
    [ "led2:C", "esp:GND.2", "black", [ "v67.47", "h2.73" ] ],
    [ "led2:A", "esp:D26", "green", [ "v0" ] ],
    [ "led3:C", "esp:GND.2", "black", [ "v0" ] ],
    [ "led3:A", "esp:D27", "green", [ "v0" ] ],
    [ "led4:C", "esp:GND.2", "black", [ "v0" ] ],
    [ "led4:A", "esp:D14", "green", [ "v0" ] ],
    [ "led5:C", "esp:GND.2", "green", [ "v40.4", "h9.87" ] ],
    [ "led5:A", "esp:D12", "green", [ "v0" ] ]
  ],
  "dependencies": {}
}